{
  "text": " Excuse me, ma'am. Is this seat 50A? Yes, it is. I'm sorry, but you're sitting in my seat. This is my seat, 15A. There seems to be a misunderstanding. May I check your ticket, please? I don't understand. I don't speak English. Well, a flight attendant will help us, okay? Excuse me, ma'am, your seat is 15A, not 50A. No way! This passenger has seat 50A. I apologize.",
  "task": "transcribe",
  "language": "English",
  "duration": 33.5,
  "segments": [
    {
      "id": 0,
      "seek": 0,
      "start": 0,
      "end": 7.78,
      "text": " Excuse me, ma'am. Is this seat 50A? Yes, it is. I'm sorry, but you're sitting in my seat.",
      "tokens": [
        50365,
        11359,
        385,
        11,
        463,
        6,
        335,
        13,
        1119,
        341,
        6121,
        2625,
        32,
        30,
        1079,
        11,
        309,
        307,
        13,
        286,
        478,
        2597,
        11,
        457,
        291,
        434,
        3798,
        294,
        452,
        6121,
        13,
        50754
      ],
      "temperature": 0,
      "avg_logprob": -0.113329075,
      "compression_ratio": 1.3846154,
      "no_speech_prob": 0.091714315
    },
    {
      "id": 1,
      "seek": 0,
      "start": 8.08,
      "end": 14.08,
      "text": " This is my seat, 15A. There seems to be a misunderstanding. May I check your ticket,",
      "tokens": [
        50769,
        639,
        307,
        452,
        6121,
        11,
        2119,
        32,
        13,
        821,
        2544,
        281,
        312,
        257,
        29227,
        13,
        1891,
        286,
        1520,
        428,
        10550,
        11,
        51069
      ],
      "temperature": 0,
      "avg_logprob": -0.113329075,
      "compression_ratio": 1.3846154,
      "no_speech_prob": 0.091714315
    },
    {
      "id": 2,
      "seek": 0,
      "start": 14.3,
      "end": 21.76,
      "text": " please? I don't understand. I don't speak English. Well, a flight attendant will help us, okay?",
      "tokens": [
        51080,
        1767,
        30,
        286,
        500,
        380,
        1223,
        13,
        286,
        500,
        380,
        1710,
        3669,
        13,
        1042,
        11,
        257,
        7018,
        39339,
        486,
        854,
        505,
        11,
        1392,
        30,
        51453
      ],
      "temperature": 0,
      "avg_logprob": -0.113329075,
      "compression_ratio": 1.3846154,
      "no_speech_prob": 0.091714315
    },
    {
      "id": 3,
      "seek": 2176,
      "start": 21.76,
      "end": 28.76,
      "text": " Excuse me, ma'am, your seat is 15A, not 50A.",
      "tokens": [
        50365,
        11359,
        385,
        11,
        463,
        6,
        335,
        11,
        428,
        6121,
        307,
        2119,
        32,
        11,
        406,
        2625,
        32,
        13,
        50715
      ],
      "temperature": 0,
      "avg_logprob": -0.25472483,
      "compression_ratio": 1,
      "no_speech_prob": 0.74821526
    },
    {
      "id": 4,
      "seek": 2176,
      "start": 28.76,
      "end": 29.76,
      "text": " No way!",
      "tokens": [
        50715,
        883,
        636,
        0,
        50765
      ],
      "temperature": 0,
      "avg_logprob": -0.25472483,
      "compression_ratio": 1,
      "no_speech_prob": 0.74821526
    },
    {
      "id": 5,
      "seek": 2176,
      "start": 29.76,
      "end": 32.46,
      "text": " This passenger has seat 50A.",
      "tokens": [
        50765,
        639,
        18707,
        575,
        6121,
        2625,
        32,
        13,
        50900
      ],
      "temperature": 0,
      "avg_logprob": -0.25472483,
      "compression_ratio": 1,
      "no_speech_prob": 0.74821526
    },
    {
      "id": 6,
      "seek": 2176,
      "start": 32.46,
      "end": 33.5,
      "text": " I apologize.",
      "tokens": [
        50900,
        286,
        12328,
        13,
        50952
      ],
      "temperature": 0,
      "avg_logprob": -0.25472483,
      "compression_ratio": 1,
      "no_speech_prob": 0.74821526
    }
  ],
  "x_groq": {
    "id": "req_01js6z801cfp4862wpk2pj3ph5"
  }
}